{"name":"L4","n_nodes":891,"n_edges":2578,"K_nulls":30,"real_betti":[104,340,706],"real_cell_count":[891,2578,2229],"null_betti_mean":[18.8,1674.567,0.0],"null_betti_std":[3.004,9.875,0.0],"null_betti_min":[14,1656,0],"null_betti_max":[25,1695,0],"bottleneck_diagram_subsample":"Top-100 finite pairs by persistence per diagram (full diagrams have hundreds to thousands of pairs; bottleneck is O(n\u00b3) in persim, so we cap to keep compute tractable).","bottleneck_real_vs_null_H1":{"mean":0.17777776916821797,"std":0.028327889563573766,"min":0.1666666567325592,"max":0.25,"n":30},"bottleneck_real_vs_null_H2":{"mean":0.25,"std":0.0,"min":0.25,"max":0.25,"n":30},"bottleneck_null_vs_null_H1_baseline":{"mean":0.1481481393178304,"std":0.05237827696590363,"n":45},"real_diagrams":[{"dim":0,"pairs":[[0.0,1.0],[0.0,1.0],[0.0,1.0],[0.0,1.0],[0.0,1.0],[0.0,1.0],[0.0,1.0],[0.0,1.0],[0.0,1.0],[0.0,1.0],[0.0,1.0],[0.0,1.0],[0.0,1.0],[0.0,1.0],[0.0,1.0],[0.0,1.0],[0.0,1.0],[0.0,1.0],[0.0,1.0],[0.0,1.0],[0.0,1.0],[0.0,1.0],[0.0,1.0],[0.0,1.0],[0.0,1.0],[0.0,1.0],[0.0,1.0],[0.0,1.0],[0.0,1.0],[0.0,1.0],[0.0,1.0],[0.0,1.0],[0.0,1.0],[0.0,1.0],[0.0,1.0],[0.0,1.0],[0.0,1.0],[0.0,1.0],[0.0,1.0],[0.0,1.0],[0.0,1.0],[0.0,1.0],[0.0,1.0],[0.0,1.0],[0.0,1.0],[0.0,1.0],[0.0,1.0],[0.0,1.0],[0.0,1.0],[0.0,1.0],[0.0,1.0],[0.0,1.0],[0.0,1.0],[0.0,1.0],[0.0,1.0],[0.0,1.0],[0.0,1.0],[0.0,1.0],[0.0,1.0],[0.0,1.0],[0.0,1.0],[0.0,1.0],[0.0,1.0],[0.0,1.0],[0.0,1.0],[0.0,1.0],[0.0,1.0],[0.0,1.0],[0.0,1.0],[0.0,1.0],[0.0,1.0],[0.0,1.0],[0.0,1.0],[0.0,1.0],[0.0,1.0],[0.0,1.0],[0.0,1.0],[0.0,1.0],[0.0,1.0],[0.0,1.0],[0.0,1.0],[0.0,1.0],[0.0,1.0],[0.0,1.0],[0.0,1.0],[0.0,1.0],[0.0,1.0],[0.0,1.0],[0.0,1.0],[0.0,1.0],[0.0,1.0],[0.0,1.0],[0.0,1.0],[0.0,1.0],[0.0,1.0],[0.0,1.0],[0.0,1.0],[0.0,1.0],[0.0,1.0],[0.0,1.0],[0.0,1.0],[0.0,1.0],[0.0,1.0],[0.0,1.0],[0.0,1.0],[0.0,1.0],[0.0,1.0],[0.0,1.0],[0.0,1.0],[0.0,1.0],[0.0,1.0],[0.0,1.0],[0.0,1.0],[0.0,1.0],[0.0,1.0],[0.0,1.0],[0.0,1.0],[0.0,1.0],[0.0,1.0],[0.0,1.0],[0.0,1.0],[0.0,1.0],[0.0,1.0],[0.0,1.0],[0.0,1.0],[0.0,1.0],[0.0,1.0],[0.0,1.0],[0.0,1.0],[0.0,1.0],[0.0,1.0],[0.0,1.0],[0.0,1.0],[0.0,1.0],[0.0,1.0],[0.0,1.0],[0.0,1.0],[0.0,1.0],[0.0,1.0],[0.0,1.0],[0.0,1.0],[0.0,1.0],[0.0,1.0],[0.0,1.0],[0.0,1.0],[0.0,1.0],[0.0,1.0],[0.0,1.0],[0.0,1.0],[0.0,1.0],[0.0,0.5],[0.0,0.5],[0.0,0.5],[0.0,0.5],[0.0,0.5],[0.0,0.5],[0.0,0.5],[0.0,0.5],[0.0,0.5],[0.0,0.5],[0.0,0.5],[0.0,0.5],[0.0,0.5],[0.0,0.5],[0.0,0.5],[0.0,0.5],[0.0,0.5],[0.0,0.5],[0.0,0.5],[0.0,0.5],[0.0,0.5],[0.0,0.5],[0.0,0.5],[0.0,0.5],[0.0,0.5],[0.0,0.5],[0.0,0.5],[0.0,0.5],[0.0,0.5],[0.0,0.5],[0.0,0.5],[0.0,0.5],[0.0,0.5],[0.0,0.5],[0.0,0.5],[0.0,0.5],[0.0,0.5],[0.0,0.5],[0.0,0.5],[0.0,0.5],[0.0,0.5],[0.0,0.5],[0.0,0.5],[0.0,0.5],[0.0,0.5],[0.0,0.5],[0.0,0.5],[0.0,0.5],[0.0,0.5],[0.0,0.5],[0.0,0.5],[0.0,0.5],[0.0,0.5],[0.0,0.5],[0.0,0.5],[0.0,0.5],[0.0,0.5],[0.0,0.5],[0.0,0.5],[0.0,0.5],[0.0,0.5],[0.0,0.5],[0.0,0.5],[0.0,0.5],[0.0,0.5],[0.0,0.5],[0.0,0.5],[0.0,0.5],[0.0,0.5],[0.0,0.5],[0.0,0.5],[0.0,0.5],[0.0,0.5],[0.0,0.5],[0.0,0.5],[0.0,0.5],[0.0,0.5],[0.0,0.5],[0.0,0.5],[0.0,0.5],[0.0,0.5],[0.0,0.5],[0.0,0.5],[0.0,0.5],[0.0,0.5],[0.0,0.5],[0.0,0.5],[0.0,0.5],[0.0,0.5],[0.0,0.5],[0.0,0.5],[0.0,0.5],[0.0,0.5],[0.0,0.5],[0.0,0.5],[0.0,0.5],[0.0,0.5],[0.0,0.5],[0.0,0.5],[0.0,0.5],[0.0,0.5],[0.0,0.5],[0.0,0.5],[0.0,0.5],[0.0,0.5],[0.0,0.5],[0.0,0.5],[0.0,0.5],[0.0,0.5],[0.0,0.5],[0.0,0.5],[0.0,0.5],[0.0,0.5],[0.0,0.5],[0.0,0.5],[0.0,0.5],[0.0,0.5],[0.0,0.5],[0.0,0.5],[0.0,0.5],[0.0,0.5],[0.0,0.5],[0.0,0.5],[0.0,0.5],[0.0,0.5],[0.0,0.5],[0.0,0.5],[0.0,0.5],[0.0,0.5],[0.0,0.5],[0.0,0.5],[0.0,0.5],[0.0,0.5],[0.0,0.5],[0.0,0.5],[0.0,0.5],[0.0,0.5],[0.0,0.5],[0.0,0.5],[0.0,0.5],[0.0,0.5],[0.0,0.5],[0.0,0.5],[0.0,0.5],[0.0,0.5],[0.0,0.5],[0.0,0.5],[0.0,0.5],[0.0,0.5],[0.0,0.5],[0.0,0.5],[0.0,0.5],[0.0,0.5],[0.0,0.5],[0.0,0.5],[0.0,0.5],[0.0,0.5],[0.0,0.5],[0.0,0.5],[0.0,0.5],[0.0,0.5],[0.0,0.5],[0.0,0.5],[0.0,0.5],[0.0,0.5],[0.0,0.5],[0.0,0.5],[0.0,0.5],[0.0,0.5],[0.0,0.5],[0.0,0.5],[0.0,0.5],[0.0,0.5],[0.0,0.5],[0.0,0.5],[0.0,0.5],[0.0,0.5],[0.0,0.5],[0.0,0.5],[0.0,0.5],[0.0,0.5],[0.0,0.5],[0.0,0.5],[0.0,0.5],[0.0,0.5],[0.0,0.5],[0.0,0.5],[0.0,0.5],[0.0,0.5],[0.0,0.5],[0.0,0.5],[0.0,0.5],[0.0,0.5],[0.0,0.5],[0.0,0.5],[0.0,0.5],[0.0,0.5],[0.0,0.5],[0.0,0.5],[0.0,0.5],[0.0,0.5],[0.0,0.5],[0.0,0.5],[0.0,0.5],[0.0,0.5],[0.0,0.5],[0.0,0.5],[0.0,0.5],[0.0,0.5],[0.0,0.5],[0.0,0.5],[0.0,0.5],[0.0,0.5],[0.0,0.5],[0.0,0.5],[0.0,0.5],[0.0,0.5],[0.0,0.5],[0.0,0.5],[0.0,0.5],[0.0,0.5],[0.0,0.5],[0.0,0.5],[0.0,0.5],[0.0,0.5],[0.0,0.5],[0.0,0.5],[0.0,0.5],[0.0,0.5],[0.0,0.5],[0.0,0.5],[0.0,0.5],[0.0,0.5],[0.0,0.5],[0.0,0.5],[0.0,0.5],[0.0,0.5],[0.0,0.5],[0.0,0.5],[0.0,0.5],[0.0,0.5],[0.0,0.5],[0.0,0.5],[0.0,0.5],[0.0,0.5],[0.0,0.5],[0.0,0.5],[0.0,0.5],[0.0,0.5],[0.0,0.5],[0.0,0.5],[0.0,0.5],[0.0,0.5],[0.0,0.5],[0.0,0.5],[0.0,0.5],[0.0,0.5],[0.0,0.5],[0.0,0.5],[0.0,0.5],[0.0,0.5],[0.0,0.5],[0.0,0.5],[0.0,0.5],[0.0,0.5],[0.0,0.5],[0.0,0.5],[0.0,0.5],[0.0,0.5],[0.0,0.5],[0.0,0.5],[0.0,0.5],[0.0,0.5],[0.0,0.5],[0.0,0.5],[0.0,0.5],[0.0,0.5],[0.0,0.5],[0.0,0.5],[0.0,0.33333],[0.0,0.33333],[0.0,0.33333],[0.0,0.33333],[0.0,0.33333],[0.0,0.33333],[0.0,0.33333],[0.0,0.33333],[0.0,0.33333],[0.0,0.33333],[0.0,0.33333],[0.0,0.33333],[0.0,0.33333],[0.0,0.33333],[0.0,0.33333],[0.0,0.33333],[0.0,0.33333],[0.0,0.33333],[0.0,0.33333],[0.0,0.33333],[0.0,0.33333],[0.0,0.33333],[0.0,0.33333],[0.0,0.33333],[0.0,0.33333],[0.0,0.33333],[0.0,0.33333],[0.0,0.33333],[0.0,0.33333],[0.0,0.33333],[0.0,0.33333],[0.0,0.33333],[0.0,0.33333],[0.0,0.33333],[0.0,0.33333],[0.0,0.33333],[0.0,0.33333],[0.0,0.33333],[0.0,0.33333],[0.0,0.33333],[0.0,0.33333],[0.0,0.33333],[0.0,0.33333],[0.0,0.33333],[0.0,0.33333],[0.0,0.33333],[0.0,0.33333],[0.0,0.33333],[0.0,0.33333],[0.0,0.33333],[0.0,0.33333],[0.0,0.33333],[0.0,0.33333],[0.0,0.33333],[0.0,0.33333],[0.0,0.33333],[0.0,0.33333],[0.0,0.33333],[0.0,0.33333],[0.0,0.33333],[0.0,0.33333],[0.0,0.33333],[0.0,0.33333],[0.0,0.33333],[0.0,0.33333],[0.0,0.33333],[0.0,0.33333],[0.0,0.33333],[0.0,0.33333],[0.0,0.33333],[0.0,0.33333],[0.0,null],[0.0,null],[0.0,null],[0.0,null],[0.0,null],[0.0,null],[0.0,null],[0.0,null],[0.0,null],[0.0,null],[0.0,null],[0.0,null],[0.0,null],[0.0,null],[0.0,null],[0.0,null],[0.0,null],[0.0,null],[0.0,null],[0.0,null],[0.0,null],[0.0,null],[0.0,null],[0.0,null],[0.0,null],[0.0,null],[0.0,null],[0.0,null],[0.0,null],[0.0,null],[0.0,null],[0.0,null],[0.0,null],[0.0,null],[0.0,null],[0.0,null],[0.0,null],[0.0,null],[0.0,null],[0.0,null],[0.0,null],[0.0,null],[0.0,null],[0.0,null],[0.0,null],[0.0,null],[0.0,null],[0.0,null],[0.0,null],[0.0,null],[0.0,null],[0.0,null],[0.0,null],[0.0,null],[0.0,null],[0.0,null],[0.0,null],[0.0,null],[0.0,null],[0.0,null],[0.0,null],[0.0,null],[0.0,null],[0.0,null],[0.0,null],[0.0,null],[0.0,null],[0.0,null],[0.0,null],[0.0,null],[0.0,null],[0.0,null],[0.0,null],[0.0,null],[0.0,null],[0.0,null],[0.0,null],[0.0,null],[0.0,null],[0.0,null],[0.0,null],[0.0,null],[0.0,null],[0.0,null],[0.0,null],[0.0,null],[0.0,null],[0.0,null],[0.0,null],[0.0,null],[0.0,null],[0.0,null],[0.0,null],[0.0,null],[0.0,null],[0.0,null],[0.0,null],[0.0,null],[0.0,null],[0.0,null]],"n_finite":787,"n_infinite":104},{"dim":1,