{"meta":{"K":200,"n_swap_mult":10,"top_n_bottleneck":100,"methodology":"Per-cluster persistent homology with K=200 directed edge-swap config nulls (preserves both in- and out-degree). Bottleneck distance comparison uses top-100 finite pairs per diagram."},"clusters":{"C04_colour_inner":{"n_cells":632,"n_edges":1756,"K":200,"n_swaps_per_null":17560,"mean_swap_acceptance_pct":98.13089407744874,"real_betti":[7,530,59],"real_cell_count":[632,1756,765],"null_betti_mean":[7.1,1101.25,0.02],"null_betti_std":[0.3,5.28,0.17],"z_scores":[-0.33,-108.12,342.81],"bottleneck_H1":{"real_vs_null":{"mean":0.32895832892507315,"std":0.02443724163653837,"n":200},"null_vs_null":{"mean":0.22,"std":0.0812403840463596,"n":50}},"bottleneck_H2":{"real_vs_null":{"mean":0.25,"std":0.0,"n":200}},"elapsed_total_sec":88.9},"C08_centrifug":{"n_cells":232,"n_edges":845,"K":200,"n_swaps_per_null":8450,"mean_swap_acceptance_pct":94.05532544378698,"real_betti":[22,175,102],"real_cell_count":[232,845,728],"null_betti_mean":[19.02,557.8,0.14],"null_betti_std":[0.16,8.3,0.36],"z_scores":[19.06,-46.13,282.08],"bottleneck_H1":{"real_vs_null":{"mean":0.2495833332836628,"std":0.005877807358883276,"n":200},"null_vs_null":{"mean":0.225,"std":0.075,"n":50}},"bottleneck_H2":{"real_vs_null":{"mean":0.25,"std":0.0,"n":200}},"elapsed_total_sec":54.2},"C12_object_small":{"n_cells":86,"n_edges":377,"K":200,"n_swaps_per_null":3770,"mean_swap_acceptance_pct":82.69602122015914,"real_betti":[1,57,51],"real_cell_count":[86,377,483],"null_betti_mean":[1.0,173.07,4.05],"null_betti_std":[0.0,8.51,2.57],"z_scores":[0.0,-13.64,18.26],"bottleneck_H1":{"real_vs_null":{"mean":0.22333333328366278,"std":0.07672099527991305,"n":200},"null_vs_null":{"mean":0.2183333331346512,"std":0.08146232952501176,"n":50}},"bottleneck_H2":{"real_vs_null":{"mean":0.25,"std":0.0,"n":200}},"elapsed_total_sec":29.9},"C16_motion_CT1":{"n_cells":1000,"n_edges":1897,"K":200,"n_swaps_per_null":18970,"mean_swap_acceptance_pct":7.184923563521349,"real_betti":[47,803,22],"real_cell_count":[1000,1897,163],"null_betti_mean":[28.04,764.95,10.32],"null_betti_std":[0.18,5.52,2.77],"z_scores":[103.19,6.89,4.22],"bottleneck_H1":{"real_vs_null":{"mean":0.004876676704734564,"std":0.0003769470389894971,"n":200},"null_vs_null":{"mean":0.0049197256565094,"std":0.00048701221580083574,"n":50}},"bottleneck_H2":{"real_vs_null":{"mean":0.2475,"std":0.024874685927665497,"n":200}},"elapsed_total_sec":93.4},"C02_form":{"n_cells":1573,"n_edges":36815,"K":200,"n_swaps_per_null":368150,"mean_swap_acceptance_pct":96.54981393453755,"real_betti":[1,564,20107],"real_cell_count":[1573,36815,121011],"null_betti_mean":[1.0,21163.09,77.56],"null_betti_std":[0.0,108.65,11.26],"z_scores":[0.0,-189.59,1779.59],"bottleneck_H1":{"real_vs_null":{"mean":0.05663094900548458,"std":0.002785586929149527,"n":200},"null_vs_null":{"mean":0.04659863667828696,"std":0.012130988732805393,"n":49}},"bottleneck_H2":{"real_vs_null":{"mean":0.41266666442155836,"std":0.007118051743751903,"n":200}},"elapsed_total_sec":1442.4},"C10_OFF":{"n_cells":4390,"n_edges":41376,"K":200,"n_swaps_per_null":413760,"mean_swap_acceptance_pct":99.03931627030163,"real_betti":[1,54,471],"real_cell_count":[4390,41376,145405],"null_betti_mean":[1.0,35416.64,0.31],"null_betti_std":[0.0,40.48,0.57],"z_scores":[0.0,-873.49,827.05],"bottleneck_H1":{"real_vs_null":{"mean":0.1406762593984604,"std":0.0004018651939505774,"n":200},"null_vs_null":{"mean":0.006292145298793912,"std":0.0031819098827579736,"n":50}},"bottleneck_H2":{"real_vs_null":{"mean":0.4285714253783226,"std":0.0,"n":200}},"elapsed_total_sec":1632.5},"C09_object":{"n_cells":3468,"n_edges":30272,"K":200,"n_swaps_per_null":302720,"mean_swap_acceptance_pct":99.02758489693446,"real_betti":[1,1770,3344],"real_cell_count":[3468,30272,72305],"null_betti_mean":[1.0,25556.97,0.35],"null_betti_std":[0.0,35.61,0.6],"z_scores":[0.0,-668.08,5580.69],"bottleneck_H1":{"real_vs_null":{"mean":0.034818984493613245,"std":0.0044942516216484145,"n":200},"null_vs_null":{"mean":0.014212120324373245,"std":0.0032350995494767843,"n":50}},"bottleneck_H2":{"real_vs_null":{"mean":0.4166666641831398,"std":0.0,"n":200}},"elapsed_total_sec":1156.6},"C07_luminance":{"n_cells":3768,"n_edges":66340,"K":200,"n_swaps_per_null":663400,"mean_swap_acceptance_pct":93.32127750979801,"real_betti":[1,220,9019],"real_cell_count":[3768,66340,305675],"null_betti_mean":[1.0,24290.81,7985.15],"null_betti_std":[0.0,117.33,254.27],"z_scores":[0.0,-205.15,4.07],"bottleneck_H1":{"real_vs_null":{"mean":0.009653824642300605,"std":0.00035012720772034065,"n":200},"null_vs_null":{"mean":0.001960078328847885,"std":0.0007290171995326721,"n":50}},"bottleneck_H2":{"real_vs_null":{"mean":0.1618928623199463,"std":0.01282734045493393,"n":200}},"elapsed_total_sec":4849.0},"C01_colour":{"n_cells":3856,"n_edges":61471,"K":200,"n_swaps_per_null":614710,"mean_swap_acceptance_pct":98.04659188885816,"real_betti":[1,1035,15352],"real_cell_count":[3856,61471,202688],"null_betti_mean":[1.0,46058.27,122.17],"null_betti_std":[0.0,122.93,21.92],"z_scores":[0.0,-366.25,694.65],"bottleneck_H1":{"real_vs_null":{"mean":0.009023231398314237,"std":0.0019108133493244508,"n":200},"null_vs_null":{"mean":0.005000085830688477,"std":0.0024377216675103668,"n":50}},"bottleneck_H2":{"real_vs_null":{"mean":0.43640872856602075,"std":0.00829248883934973,"n":200}},"elapsed_total_sec":2410.6},"C11_ON":{"n_cells":5480,"n_edges":77000,"K":200,"n_swaps_per_null":770000,"mean_swap_acceptance_pct":99.06832012987013,"real_betti":[1,1066,3114],"real_cell_count":[5480,77000,412277],"null_betti_mean":[1.0,66606.59,1.62],"null_betti_std":[0.0,69.83,1.31],"z_scores":[0.0,-938.59,2377.05],"bottleneck_H1":{"real_vs_null":{"mean":0.08963474187999963,"std":0.00046927102893036104,"n":200},"null_vs_null":{"mean":0.0017613207548856735,"std":0.0010276882419532703,"n":50}},"bottleneck_H2":{"real_vs_null":{"mean":0.47140357888303697,"std":0.0017154585045235891,"n":200}},"elapsed_total_sec":2919.7},"C15_motion_T4T5":{"n_cells":6793,"n_edges":104269,"K":200,"n_swaps_per_null":1042690,"mean_swap_acceptance_pct":99.47924167298046,"real_betti":[1,2936,17226],"real_cell_count":[6793,104269,322079],"null_betti_mean":[1.0,93670.38,0.38],"null_betti_std":[0.0,59.97,0.61],"z_scores":[0.0,-1513.09,28152.8],"bottleneck_H1":{"real_vs_null":{"mean":0.03333333134651184,"std":0.0,"n":200},"null_vs_null":{"mean":0.015753967612981798,"std":0.012651263895970176,"n":50}},"bottleneck_H2":{"real_vs_null":{"mean":0.3999999985098839,"std":0.0,"n":200}},"elapsed_total_sec":4120.6}}}